<?xml version="1.0" encoding="UTF-8"?><assessmentItem xmlns="http://www.imsglobal.org/xsd/imsqti_item_v2p0" xmlns:xsi="http://www.w3.org/2001/XMLSchema-instance" xsi:schemaLocation="http://www.imsglobal.org/xsd/imsqti_item_v2p0 ./imsqti_item_v2p0.xsd" identifier="question232" title="Elicitation: certification" adaptive="false" timeDependent="false">
	<responseDeclaration identifier="question232truefalse" cardinality="single" baseType="identifier">
		<correctResponse>
			<value></value>
		</correctResponse>
		<mapping defaultValue="0">
			<mapEntry mapKey="" mappedValue=""/>
		</mapping>

	</responseDeclaration>
	<outcomeDeclaration identifier="SCORE" cardinality="single" baseType="float">
		<defaultValue>
			<value>0</value>
		</defaultValue>
	</outcomeDeclaration>
	<itemBody>
		<p>I certify that my responses on this quiz reflect my individual thought and activity; I have not collaborated on my answers with anyone inside our outside of class (including on the Internet) in any way. 

I understand if that I answer false to this question Dr. Gary will not score my quiz and I will receive a zero. I understand that if I answer true to this question but in fact have collaborated with someone, I am subject to failure in the course and discipline in accordance with the ASU ethics policies.</p>
		<div class="intreactive.choiceSimple">
			<choiceInteraction responseIdentifier="question232truefalse" shuffle="false" maxChoices="1">
    						<simpleChoice identifier="">True                
								</simpleChoice>
    						<simpleChoice identifier="">False                
								</simpleChoice>
    					</choiceInteraction>
			</div>
	</itemBody>
	<responseProcessing xmlns="http://www.imsglobal.org/xsd/imsqti_item_v2p0" xmlns:xsi="http://www.w3.org/2001/XMLSchema-instance" xsi:schemaLocation="http://www.imsglobal.org/xsd/imsqti_item_v2p0 ../imsqti_item_v2p0.xsd">
		<responseCondition>
			<responseIf>

				<match>
					<variable identifier="question232truefalse"/>
					<correct identifier="question232truefalse"/>
				</match>
				<setOutcomeValue identifier="SCORE">
					<baseValue baseType="float">1</baseValue>
				</setOutcomeValue>
			</responseIf>

			<responseElse>
				<setOutcomeValue identifier="SCORE">
					<baseValue baseType="float">0</baseValue>
				</setOutcomeValue>
			</responseElse>
		</responseCondition>
        <setOutcomeValue identifier="FEEDBACK">
            <variable identifier="question232truefalse"/>
        </setOutcomeValue>		
	</responseProcessing>
	        	        	</assessmentItem>
