<assessmentItem xmlns="http://www.imsglobal.org/xsd/imsqti_item_v2p0" xmlns:xsi="http://www.w3.org/2001/XMLSchema-instance" xsi:schemaLocation="http://www.imsglobal.org/xsd/imsqti_item_v2p0 ./imsqti_item_v2p0.xsd" identifier="question183" title="REQ Ch. 5: 5 steps matching" adaptive="false" timeDependent="false">
	<responseDeclaration identifier="question183matching" cardinality="multiple" baseType="directedPair">
		<correctResponse>
   						<value>q59 a59</value>
   						<value>q60 a60</value>
   						<value>q61 a61</value>
   						<value>q62 a62</value>
   						<value>q63 a63</value>
   				</correctResponse>

		<mapping defaultValue="0">
   		   		   <mapEntry mapKey="q59 a59" mappedValue="1"/>
   		   		   <mapEntry mapKey="q60 a60" mappedValue="1"/>
   		   		   <mapEntry mapKey="q61 a61" mappedValue="1"/>
   		   		   <mapEntry mapKey="q62 a62" mappedValue="1"/>
   		   		   <mapEntry mapKey="q63 a63" mappedValue="1"/>
   				</mapping>
	</responseDeclaration>
	<outcomeDeclaration identifier="SCORE" cardinality="single" baseType="float"/>

	<itemBody>
		<p>Match the step in the problem analysis process to the example of an activity to do in that step.</p>
		<div class="interactive.match">
			<matchInteraction responseIdentifier="question183matching" shuffle="false" maxAssociations="5">
				<simpleMatchSet>
           		    				<simpleAssociableChoice identifier="q59" matchMax="1">Write the problem down and see if everyone agrees</simpleAssociableChoice>
           		    				<simpleAssociableChoice identifier="q60" matchMax="1">Chart the problem and possible explanations in a fishbone diagram</simpleAssociableChoice>
           		    				<simpleAssociableChoice identifier="q61" matchMax="1">Ask questions about who will use, buy, maintain, approve, etc. the finished system</simpleAssociableChoice>
           		    				<simpleAssociableChoice identifier="q62" matchMax="1">Determine the inputs and output of a system, and/or the types of users (actors) and their interactions with the system.</simpleAssociableChoice>
           		    				<simpleAssociableChoice identifier="q63" matchMax="1">Having a checklist of questions to ask will help discover these nonfunctional requirements. These requirements are defined as things the system cannot do, or restrictions on how it much be developed, deployed, and/or operated.</simpleAssociableChoice>
           						</simpleMatchSet>
				<simpleMatchSet>
           		    				<simpleAssociableChoice identifier="a59" matchMax="5">Gain Agreement on the Problem Definition</simpleAssociableChoice>
           		    				<simpleAssociableChoice identifier="a60" matchMax="5">Understand the root causes</simpleAssociableChoice>
           		    				<simpleAssociableChoice identifier="a61" matchMax="5">Identify the stakeholders</simpleAssociableChoice>
           		    				<simpleAssociableChoice identifier="a62" matchMax="5">Define the System Boundary</simpleAssociableChoice>
           		    				<simpleAssociableChoice identifier="a63" matchMax="5">Identify the Constraints</simpleAssociableChoice>
           						</simpleMatchSet>
			</matchInteraction>
		</div>
		</itemBody>
	<responseProcessing xmlns="http://www.imsglobal.org/xsd/imsqti_item_v2p0" xmlns:xsi="http://www.w3.org/2001/XMLSchema-instance" xsi:schemaLocation="http://www.imsglobal.org/xsd/imsqti_item_v2p0 ../imsqti_item_v2p0.xsd">
		<responseCondition>

			<responseIf>
				<isNull>
					<variable identifier="question183matching"/>
				</isNull>
				<setOutcomeValue identifier="SCORE">
					<baseValue baseType="integer">0</baseValue>
				</setOutcomeValue>
			</responseIf>

			<responseElse>
				<setOutcomeValue identifier="SCORE">
					<mapResponse identifier="question183matching"/>
				</setOutcomeValue>
			</responseElse>
		</responseCondition>
	</responseProcessing>
</assessmentItem>
