<assessmentItem xmlns="http://www.imsglobal.org/xsd/imsqti_item_v2p0" xmlns:xsi="http://www.w3.org/2001/XMLSchema-instance" xsi:schemaLocation="http://www.imsglobal.org/xsd/imsqti_item_v2p0 ./imsqti_item_v2p0.xsd" identifier="question212" title="Ch. 13 Storyboard types" adaptive="false" timeDependent="false">
	<responseDeclaration identifier="question212matching" cardinality="multiple" baseType="directedPair">
		<correctResponse>
   						<value>q81 a81</value>
   						<value>q82 a82</value>
   						<value>q83 a83</value>
   						<value>q84 a84</value>
   				</correctResponse>

		<mapping defaultValue="0">
   		   		   <mapEntry mapKey="q81 a81" mappedValue="1"/>
   		   		   <mapEntry mapKey="q82 a82" mappedValue="1"/>
   		   		   <mapEntry mapKey="q83 a83" mappedValue="1"/>
   		   		   <mapEntry mapKey="q84 a84" mappedValue="1"/>
   				</mapping>
	</responseDeclaration>
	<outcomeDeclaration identifier="SCORE" cardinality="single" baseType="float"/>

	<itemBody>
		<p>Match the description with the type of storyboard</p>
		<div class="interactive.match">
			<matchInteraction responseIdentifier="question212matching" shuffle="false" maxAssociations="4">
				<simpleMatchSet>
           		    				<simpleAssociableChoice identifier="q81" matchMax="1">Non-interactive presentation that a human walks the stakeholder through</simpleAssociableChoice>
           		    				<simpleAssociableChoice identifier="q82" matchMax="1">An automated description of system behavior in typical scenarios</simpleAssociableChoice>
           		    				<simpleAssociableChoice identifier="q83" matchMax="1">Simulations or related forms that allow the user to experience the system in a realistic way</simpleAssociableChoice>
           		    				<simpleAssociableChoice identifier="q84" matchMax="1"></simpleAssociableChoice>
           						</simpleMatchSet>
				<simpleMatchSet>
           		    				<simpleAssociableChoice identifier="a81" matchMax="4">Passive storyboards</simpleAssociableChoice>
           		    				<simpleAssociableChoice identifier="a82" matchMax="4">Active storyboards</simpleAssociableChoice>
           		    				<simpleAssociableChoice identifier="a83" matchMax="4">Interactive storyboards</simpleAssociableChoice>
           		    				<simpleAssociableChoice identifier="a84" matchMax="4">Early product prototypes</simpleAssociableChoice>
           						</simpleMatchSet>
			</matchInteraction>
		</div>
		</itemBody>
	<responseProcessing xmlns="http://www.imsglobal.org/xsd/imsqti_item_v2p0" xmlns:xsi="http://www.w3.org/2001/XMLSchema-instance" xsi:schemaLocation="http://www.imsglobal.org/xsd/imsqti_item_v2p0 ../imsqti_item_v2p0.xsd">
		<responseCondition>

			<responseIf>
				<isNull>
					<variable identifier="question212matching"/>
				</isNull>
				<setOutcomeValue identifier="SCORE">
					<baseValue baseType="integer">0</baseValue>
				</setOutcomeValue>
			</responseIf>

			<responseElse>
				<setOutcomeValue identifier="SCORE">
					<mapResponse identifier="question212matching"/>
				</setOutcomeValue>
			</responseElse>
		</responseCondition>
	</responseProcessing>
</assessmentItem>
