<assessmentItem xmlns="http://www.imsglobal.org/xsd/imsqti_item_v2p0" xmlns:xsi="http://www.w3.org/2001/XMLSchema-instance" xsi:schemaLocation="http://www.imsglobal.org/xsd/imsqti_item_v2p0 ./imsqti_item_v2p0.xsd" identifier="question163" title="SLDC: Matching lifecycle models" adaptive="false" timeDependent="false">
	<responseDeclaration identifier="question163matching" cardinality="multiple" baseType="directedPair">
		<correctResponse>
   						<value>q48 a48</value>
   						<value>q49 a49</value>
   						<value>q50 a50</value>
   						<value>q51 a51</value>
   						<value>q52 a52</value>
   						<value>q53 a53</value>
   				</correctResponse>

		<mapping defaultValue="0">
   		   		   <mapEntry mapKey="q48 a48" mappedValue="1"/>
   		   		   <mapEntry mapKey="q49 a49" mappedValue="1"/>
   		   		   <mapEntry mapKey="q50 a50" mappedValue="1"/>
   		   		   <mapEntry mapKey="q51 a51" mappedValue="1"/>
   		   		   <mapEntry mapKey="q52 a52" mappedValue="1"/>
   		   		   <mapEntry mapKey="q53 a53" mappedValue="1"/>
   				</mapping>
	</responseDeclaration>
	<outcomeDeclaration identifier="SCORE" cardinality="single" baseType="float"/>

	<itemBody>
		<p>Match the software process lifecycle model with its closest description</p>
		<div class="interactive.match">
			<matchInteraction responseIdentifier="question163matching" shuffle="false" maxAssociations="6">
				<simpleMatchSet>
           		    				<simpleAssociableChoice identifier="q48" matchMax="1">A linear model where the phase transitions are well-defined</simpleAssociableChoice>
           		    				<simpleAssociableChoice identifier="q49" matchMax="1">Emphasizes risk management as a key activity in the software process</simpleAssociableChoice>
           		    				<simpleAssociableChoice identifier="q50" matchMax="1">Delivers software repeatedly in smaller increments</simpleAssociableChoice>
           		    				<simpleAssociableChoice identifier="q51" matchMax="1">Emphasizes people and continuous feedback over defined process control</simpleAssociableChoice>
           		    				<simpleAssociableChoice identifier="q52" matchMax="1"></simpleAssociableChoice>
           		    				<simpleAssociableChoice identifier="q53" matchMax="1"></simpleAssociableChoice>
           						</simpleMatchSet>
				<simpleMatchSet>
           		    				<simpleAssociableChoice identifier="a48" matchMax="6">Waterfall</simpleAssociableChoice>
           		    				<simpleAssociableChoice identifier="a49" matchMax="6">Spiral</simpleAssociableChoice>
           		    				<simpleAssociableChoice identifier="a50" matchMax="6">Iterative and Incremental</simpleAssociableChoice>
           		    				<simpleAssociableChoice identifier="a51" matchMax="6">Agile methods</simpleAssociableChoice>
           		    				<simpleAssociableChoice identifier="a52" matchMax="6">Systems Engineering</simpleAssociableChoice>
           		    				<simpleAssociableChoice identifier="a53" matchMax="6">Formal methods</simpleAssociableChoice>
           						</simpleMatchSet>
			</matchInteraction>
		</div>
		</itemBody>
	<responseProcessing xmlns="http://www.imsglobal.org/xsd/imsqti_item_v2p0" xmlns:xsi="http://www.w3.org/2001/XMLSchema-instance" xsi:schemaLocation="http://www.imsglobal.org/xsd/imsqti_item_v2p0 ../imsqti_item_v2p0.xsd">
		<responseCondition>

			<responseIf>
				<isNull>
					<variable identifier="question163matching"/>
				</isNull>
				<setOutcomeValue identifier="SCORE">
					<baseValue baseType="integer">0</baseValue>
				</setOutcomeValue>
			</responseIf>

			<responseElse>
				<setOutcomeValue identifier="SCORE">
					<mapResponse identifier="question163matching"/>
				</setOutcomeValue>
			</responseElse>
		</responseCondition>
	</responseProcessing>
</assessmentItem>
