<?xml version="1.0" encoding="UTF-8"?><assessmentItem xmlns="http://www.imsglobal.org/xsd/imsqti_item_v2p0" xmlns:xsi="http://www.w3.org/2001/XMLSchema-instance" xsi:schemaLocation="http://www.imsglobal.org/xsd/imsqti_item_v2p0 ./imsqti_item_v2p0.xsd" identifier="question179" title="REQ Ch1: Defect Cost Ration" adaptive="false" timeDependent="false">
	<responseDeclaration identifier="question179shortanswer" cardinality="multiple" baseType="string">
		<correctResponse>
					<value>200</value>
					<value>10</value>
					<value>100</value>
					<value>5</value>
					<value>20</value>
				</correctResponse>
		<mapping lowerBound="0" upperBound="1" defaultValue="0">
				    			<mapEntry mapKey="200" mappedValue="1" />
							    			<mapEntry mapKey="10" mappedValue="0.1" />
							    			<mapEntry mapKey="100" mappedValue="0.2" />
							    			<mapEntry mapKey="5" mappedValue="0.1" />
							    			<mapEntry mapKey="20" mappedValue="0.1" />
							</mapping>
	</responseDeclaration>
	<outcomeDeclaration identifier="SCORE" cardinality="single" baseType="float"/>
	<itemBody>
		<p>The ratio of the cost of finding and fixing a defect in the requirements phase versus finding it in the maintenance phase is ____ to 1.</p>
		<div class="interactive.textEntry">
            <textEntryInteraction responseIdentifier="question179shortanswer" expectedLength="15"/>
		</div>
		</itemBody>
	<responseProcessing xmlns="http://www.imsglobal.org/xsd/imsqti_item_v2p0" xmlns:xsi="http://www.w3.org/2001/XMLSchema-instance" xsi:schemaLocation="http://www.imsglobal.org/xsd/imsqti_item_v2p0 ../imsqti_item_v2p0.xsd">
		<responseCondition>
			<responseIf>
				<isNull>
					<variable identifier="question179shortanswer"/>
				</isNull>
				<setOutcomeValue identifier="SCORE">
					<baseValue baseType="integer">0</baseValue>
				</setOutcomeValue>
			</responseIf>
			<responseElse>
				<setOutcomeValue identifier="SCORE">
					<mapResponse identifier="question179shortanswer"/>
				</setOutcomeValue>
			</responseElse>
		</responseCondition>
	</responseProcessing>
</assessmentItem>
