<assessmentItem xmlns="http://www.imsglobal.org/xsd/imsqti_item_v2p0" xmlns:xsi="http://www.w3.org/2001/XMLSchema-instance" xsi:schemaLocation="http://www.imsglobal.org/xsd/imsqti_item_v2p0 ./imsqti_item_v2p0.xsd" identifier="question241" title="QUALITY: 830 characteristics matching" adaptive="false" timeDependent="false">
	<responseDeclaration identifier="question241matching" cardinality="multiple" baseType="directedPair">
		<correctResponse>
   						<value>q91 a91</value>
   						<value>q92 a92</value>
   						<value>q93 a93</value>
   						<value>q94 a94</value>
   						<value>q95 a95</value>
   						<value>q96 a96</value>
   				</correctResponse>

		<mapping defaultValue="0">
   		   		   <mapEntry mapKey="q91 a91" mappedValue="1"/>
   		   		   <mapEntry mapKey="q92 a92" mappedValue="1"/>
   		   		   <mapEntry mapKey="q93 a93" mappedValue="1"/>
   		   		   <mapEntry mapKey="q94 a94" mappedValue="1"/>
   		   		   <mapEntry mapKey="q95 a95" mappedValue="1"/>
   		   		   <mapEntry mapKey="q96 a96" mappedValue="1"/>
   				</mapping>
	</responseDeclaration>
	<outcomeDeclaration identifier="SCORE" cardinality="single" baseType="float"/>

	<itemBody>
		<p>Match the Characteristics of a good SRS with its description</p>
		<div class="interactive.match">
			<matchInteraction responseIdentifier="question241matching" shuffle="false" maxAssociations="6">
				<simpleMatchSet>
           		    				<simpleAssociableChoice identifier="q91" matchMax="1">every requirement stated in the SRS is one that the software shall meet</simpleAssociableChoice>
           		    				<simpleAssociableChoice identifier="q92" matchMax="1">every requirement has only one interpretation</simpleAssociableChoice>
           		    				<simpleAssociableChoice identifier="q93" matchMax="1">every requirement has an identifier to indicate the importance or stability of the requirement</simpleAssociableChoice>
           		    				<simpleAssociableChoice identifier="q94" matchMax="1">every requirement has a finite, cost-effective process exists that can check the software product meets the requirement</simpleAssociableChoice>
           		    				<simpleAssociableChoice identifier="q95" matchMax="1">the style and structure of the SRS are such that any changes can be made easily, completely, and consistently while retaining that same structure and style</simpleAssociableChoice>
           		    				<simpleAssociableChoice identifier="q96" matchMax="1">the origin of each requirement is clear and the SRS facilitates referencing in future development or documentations</simpleAssociableChoice>
           						</simpleMatchSet>
				<simpleMatchSet>
           		    				<simpleAssociableChoice identifier="a91" matchMax="6">Correct</simpleAssociableChoice>
           		    				<simpleAssociableChoice identifier="a92" matchMax="6">Unambiguous</simpleAssociableChoice>
           		    				<simpleAssociableChoice identifier="a93" matchMax="6">Ranked for importance and/or stability</simpleAssociableChoice>
           		    				<simpleAssociableChoice identifier="a94" matchMax="6">Verifiable</simpleAssociableChoice>
           		    				<simpleAssociableChoice identifier="a95" matchMax="6">Modifiable</simpleAssociableChoice>
           		    				<simpleAssociableChoice identifier="a96" matchMax="6">Traceable</simpleAssociableChoice>
           						</simpleMatchSet>
			</matchInteraction>
		</div>
		</itemBody>
	<responseProcessing xmlns="http://www.imsglobal.org/xsd/imsqti_item_v2p0" xmlns:xsi="http://www.w3.org/2001/XMLSchema-instance" xsi:schemaLocation="http://www.imsglobal.org/xsd/imsqti_item_v2p0 ../imsqti_item_v2p0.xsd">
		<responseCondition>

			<responseIf>
				<isNull>
					<variable identifier="question241matching"/>
				</isNull>
				<setOutcomeValue identifier="SCORE">
					<baseValue baseType="integer">0</baseValue>
				</setOutcomeValue>
			</responseIf>

			<responseElse>
				<setOutcomeValue identifier="SCORE">
					<mapResponse identifier="question241matching"/>
				</setOutcomeValue>
			</responseElse>
		</responseCondition>
	</responseProcessing>
</assessmentItem>
