<assessmentItem xmlns="http://www.imsglobal.org/xsd/imsqti_item_v2p0" xmlns:xsi="http://www.w3.org/2001/XMLSchema-instance" xsi:schemaLocation="http://www.imsglobal.org/xsd/imsqti_item_v2p0 ./imsqti_item_v2p0.xsd" identifier="question162" title="SDLC: Phase matching" adaptive="false" timeDependent="false">
	<responseDeclaration identifier="question162matching" cardinality="multiple" baseType="directedPair">
		<correctResponse>
   						<value>q42 a42</value>
   						<value>q43 a43</value>
   						<value>q44 a44</value>
   						<value>q45 a45</value>
   						<value>q46 a46</value>
   						<value>q47 a47</value>
   				</correctResponse>

		<mapping defaultValue="0">
   		   		   <mapEntry mapKey="q42 a42" mappedValue="1"/>
   		   		   <mapEntry mapKey="q43 a43" mappedValue="1"/>
   		   		   <mapEntry mapKey="q44 a44" mappedValue="1"/>
   		   		   <mapEntry mapKey="q45 a45" mappedValue="1"/>
   		   		   <mapEntry mapKey="q46 a46" mappedValue="1"/>
   		   		   <mapEntry mapKey="q47 a47" mappedValue="1"/>
   				</mapping>
	</responseDeclaration>
	<outcomeDeclaration identifier="SCORE" cardinality="single" baseType="float"/>

	<itemBody>
		<p>Match the software process phase with the closest description</p>
		<div class="interactive.match">
			<matchInteraction responseIdentifier="question162matching" shuffle="false" maxAssociations="6">
				<simpleMatchSet>
           		    				<simpleAssociableChoice identifier="q42" matchMax="1">Coding the project</simpleAssociableChoice>
           		    				<simpleAssociableChoice identifier="q43" matchMax="1">Identifying what, in the customer's mind, the software should do. Expressing this in the customer's vocabulary.</simpleAssociableChoice>
           		    				<simpleAssociableChoice identifier="q44" matchMax="1">Understanding the scope of what is to be done, and translating it to technical vocabulary</simpleAssociableChoice>
           		    				<simpleAssociableChoice identifier="q45" matchMax="1">Activities that help identify defects in a system or application</simpleAssociableChoice>
           		    				<simpleAssociableChoice identifier="q46" matchMax="1">Activities that transition the software system or application from a development environment to the operational environment</simpleAssociableChoice>
           		    				<simpleAssociableChoice identifier="q47" matchMax="1">Updating the software to correct defects or provide new features after the software is operational</simpleAssociableChoice>
           						</simpleMatchSet>
				<simpleMatchSet>
           		    				<simpleAssociableChoice identifier="a42" matchMax="6">Implementation</simpleAssociableChoice>
           		    				<simpleAssociableChoice identifier="a43" matchMax="6">Requirements</simpleAssociableChoice>
           		    				<simpleAssociableChoice identifier="a44" matchMax="6">Analysis</simpleAssociableChoice>
           		    				<simpleAssociableChoice identifier="a45" matchMax="6">Testing</simpleAssociableChoice>
           		    				<simpleAssociableChoice identifier="a46" matchMax="6">Deployment</simpleAssociableChoice>
           		    				<simpleAssociableChoice identifier="a47" matchMax="6">Maintenance and Evolution</simpleAssociableChoice>
           						</simpleMatchSet>
			</matchInteraction>
		</div>
		</itemBody>
	<responseProcessing xmlns="http://www.imsglobal.org/xsd/imsqti_item_v2p0" xmlns:xsi="http://www.w3.org/2001/XMLSchema-instance" xsi:schemaLocation="http://www.imsglobal.org/xsd/imsqti_item_v2p0 ../imsqti_item_v2p0.xsd">
		<responseCondition>

			<responseIf>
				<isNull>
					<variable identifier="question162matching"/>
				</isNull>
				<setOutcomeValue identifier="SCORE">
					<baseValue baseType="integer">0</baseValue>
				</setOutcomeValue>
			</responseIf>

			<responseElse>
				<setOutcomeValue identifier="SCORE">
					<mapResponse identifier="question162matching"/>
				</setOutcomeValue>
			</responseElse>
		</responseCondition>
	</responseProcessing>
</assessmentItem>
