<assessmentItem xmlns="http://www.imsglobal.org/xsd/imsqti_item_v2p0" xmlns:xsi="http://www.w3.org/2001/XMLSchema-instance" xsi:schemaLocation="http://www.imsglobal.org/xsd/imsqti_item_v2p0 ./imsqti_item_v2p0.xsd" identifier="question172" title="RE: Phase Best Practices" adaptive="false" timeDependent="false">
	<responseDeclaration identifier="question172matching" cardinality="multiple" baseType="directedPair">
		<correctResponse>
   						<value>q54 a54</value>
   						<value>q55 a55</value>
   						<value>q56 a56</value>
   						<value>q57 a57</value>
   						<value>q58 a58</value>
   				</correctResponse>

		<mapping defaultValue="0">
   		   		   <mapEntry mapKey="q54 a54" mappedValue="1"/>
   		   		   <mapEntry mapKey="q55 a55" mappedValue="1"/>
   		   		   <mapEntry mapKey="q56 a56" mappedValue="1"/>
   		   		   <mapEntry mapKey="q57 a57" mappedValue="1"/>
   		   		   <mapEntry mapKey="q58 a58" mappedValue="1"/>
   				</mapping>
	</responseDeclaration>
	<outcomeDeclaration identifier="SCORE" cardinality="single" baseType="float"/>

	<itemBody>
		<p>Match the best practice to the requirements engineering process phase in which that practice is best applied:</p>
		<div class="interactive.match">
			<matchInteraction responseIdentifier="question172matching" shuffle="false" maxAssociations="5">
				<simpleMatchSet>
           		    				<simpleAssociableChoice identifier="q54" matchMax="1">Get extensive user involvement</simpleAssociableChoice>
           		    				<simpleAssociableChoice identifier="q55" matchMax="1">Prioritize requirements</simpleAssociableChoice>
           		    				<simpleAssociableChoice identifier="q56" matchMax="1">Inspect requirements specifications</simpleAssociableChoice>
           		    				<simpleAssociableChoice identifier="q57" matchMax="1">Manage requirements changes</simpleAssociableChoice>
           		    				<simpleAssociableChoice identifier="q58" matchMax="1"></simpleAssociableChoice>
           						</simpleMatchSet>
				<simpleMatchSet>
           		    				<simpleAssociableChoice identifier="a54" matchMax="5">elicitation</simpleAssociableChoice>
           		    				<simpleAssociableChoice identifier="a55" matchMax="5">analysis</simpleAssociableChoice>
           		    				<simpleAssociableChoice identifier="a56" matchMax="5">verification</simpleAssociableChoice>
           		    				<simpleAssociableChoice identifier="a57" matchMax="5">requirements management</simpleAssociableChoice>
           		    				<simpleAssociableChoice identifier="a58" matchMax="5">specification</simpleAssociableChoice>
           						</simpleMatchSet>
			</matchInteraction>
		</div>
		</itemBody>
	<responseProcessing xmlns="http://www.imsglobal.org/xsd/imsqti_item_v2p0" xmlns:xsi="http://www.w3.org/2001/XMLSchema-instance" xsi:schemaLocation="http://www.imsglobal.org/xsd/imsqti_item_v2p0 ../imsqti_item_v2p0.xsd">
		<responseCondition>

			<responseIf>
				<isNull>
					<variable identifier="question172matching"/>
				</isNull>
				<setOutcomeValue identifier="SCORE">
					<baseValue baseType="integer">0</baseValue>
				</setOutcomeValue>
			</responseIf>

			<responseElse>
				<setOutcomeValue identifier="SCORE">
					<mapResponse identifier="question172matching"/>
				</setOutcomeValue>
			</responseElse>
		</responseCondition>
	</responseProcessing>
</assessmentItem>
