<?xml version="1.0" encoding="UTF-8"?><assessmentItem xmlns="http://www.imsglobal.org/xsd/imsqti_item_v2p0" xmlns:xsi="http://www.w3.org/2001/XMLSchema-instance" xsi:schemaLocation="http://www.imsglobal.org/xsd/imsqti_item_v2p0 ./imsqti_item_v2p0.xsd" identifier="question168" title="SDLC: Iterative" adaptive="false" timeDependent="false">
	<responseDeclaration identifier="question168shortanswer" cardinality="multiple" baseType="string">
		<correctResponse>
					<value>repeated cycles</value>
					<value>r* cycles</value>
				</correctResponse>
		<mapping lowerBound="0" upperBound="1" defaultValue="0">
				    			<mapEntry mapKey="repeated cycles" mappedValue="1" />
							    			<mapEntry mapKey="r* cycles" mappedValue="0.8" />
							</mapping>
	</responseDeclaration>
	<outcomeDeclaration identifier="SCORE" cardinality="single" baseType="float"/>
	<itemBody>
		<p>The iterative part of the "Iterative and Incremental" software lifecycle process refers to developing the software in</p>
		<div class="interactive.textEntry">
            <textEntryInteraction responseIdentifier="question168shortanswer" expectedLength="15"/>
		</div>
		</itemBody>
	<responseProcessing xmlns="http://www.imsglobal.org/xsd/imsqti_item_v2p0" xmlns:xsi="http://www.w3.org/2001/XMLSchema-instance" xsi:schemaLocation="http://www.imsglobal.org/xsd/imsqti_item_v2p0 ../imsqti_item_v2p0.xsd">
		<responseCondition>
			<responseIf>
				<isNull>
					<variable identifier="question168shortanswer"/>
				</isNull>
				<setOutcomeValue identifier="SCORE">
					<baseValue baseType="integer">0</baseValue>
				</setOutcomeValue>
			</responseIf>
			<responseElse>
				<setOutcomeValue identifier="SCORE">
					<mapResponse identifier="question168shortanswer"/>
				</setOutcomeValue>
			</responseElse>
		</responseCondition>
	</responseProcessing>
</assessmentItem>
