<assessmentItem xmlns="http://www.imsglobal.org/xsd/imsqti_item_v2p0" xmlns:xsi="http://www.w3.org/2001/XMLSchema-instance" xsi:schemaLocation="http://www.imsglobal.org/xsd/imsqti_item_v2p0 ./imsqti_item_v2p0.xsd" identifier="question227" title="UC: Ch. 14 steps" adaptive="false" timeDependent="false">
	<responseDeclaration identifier="question227matching" cardinality="multiple" baseType="directedPair">
		<correctResponse>
   						<value>q85 a85</value>
   						<value>q86 a86</value>
   						<value>q87 a87</value>
   						<value>q88 a88</value>
   						<value>q89 a89</value>
   						<value>q90 a90</value>
   				</correctResponse>

		<mapping defaultValue="0">
   		   		   <mapEntry mapKey="q85 a85" mappedValue="1"/>
   		   		   <mapEntry mapKey="q86 a86" mappedValue="1"/>
   		   		   <mapEntry mapKey="q87 a87" mappedValue="1"/>
   		   		   <mapEntry mapKey="q88 a88" mappedValue="1"/>
   		   		   <mapEntry mapKey="q89 a89" mappedValue="1"/>
   		   		   <mapEntry mapKey="q90 a90" mappedValue="1"/>
   				</mapping>
	</responseDeclaration>
	<outcomeDeclaration identifier="SCORE" cardinality="single" baseType="float"/>

	<itemBody>
		<p>Match the activity description with the Use case building step.</p>
		<div class="interactive.match">
			<matchInteraction responseIdentifier="question227matching" shuffle="false" maxAssociations="6">
				<simpleMatchSet>
           		    				<simpleAssociableChoice identifier="q85" matchMax="1">Who uses the system? What other systems use this system?</simpleAssociableChoice>
           		    				<simpleAssociableChoice identifier="q86" matchMax="1">What will the system be used for?</simpleAssociableChoice>
           		    				<simpleAssociableChoice identifier="q87" matchMax="1">Analyze each use case and determine what actors interact with it</simpleAssociableChoice>
           		    				<simpleAssociableChoice identifier="q88" matchMax="1">write down the basic flow and then the alternative flows</simpleAssociableChoice>
           		    				<simpleAssociableChoice identifier="q89" matchMax="1">specify all alternative flows and pre/post conditions</simpleAssociableChoice>
           		    				<simpleAssociableChoice identifier="q90" matchMax="1"></simpleAssociableChoice>
           						</simpleMatchSet>
				<simpleMatchSet>
           		    				<simpleAssociableChoice identifier="a85" matchMax="6">Identify and Describe Actors</simpleAssociableChoice>
           		    				<simpleAssociableChoice identifier="a86" matchMax="6">Identify Use Cases and write a brief description</simpleAssociableChoice>
           		    				<simpleAssociableChoice identifier="a87" matchMax="6">Identify Actor to Use Case relationships</simpleAssociableChoice>
           		    				<simpleAssociableChoice identifier="a88" matchMax="6">Outline Individual Use Cases</simpleAssociableChoice>
           		    				<simpleAssociableChoice identifier="a89" matchMax="6">Refine the Use cases</simpleAssociableChoice>
           		    				<simpleAssociableChoice identifier="a90" matchMax="6">Catalog the Use Cases</simpleAssociableChoice>
           						</simpleMatchSet>
			</matchInteraction>
		</div>
		</itemBody>
	<responseProcessing xmlns="http://www.imsglobal.org/xsd/imsqti_item_v2p0" xmlns:xsi="http://www.w3.org/2001/XMLSchema-instance" xsi:schemaLocation="http://www.imsglobal.org/xsd/imsqti_item_v2p0 ../imsqti_item_v2p0.xsd">
		<responseCondition>

			<responseIf>
				<isNull>
					<variable identifier="question227matching"/>
				</isNull>
				<setOutcomeValue identifier="SCORE">
					<baseValue baseType="integer">0</baseValue>
				</setOutcomeValue>
			</responseIf>

			<responseElse>
				<setOutcomeValue identifier="SCORE">
					<mapResponse identifier="question227matching"/>
				</setOutcomeValue>
			</responseElse>
		</responseCondition>
	</responseProcessing>
</assessmentItem>
