<assessmentItem xmlns="http://www.imsglobal.org/xsd/imsqti_item_v2p0" xmlns:xsi="http://www.w3.org/2001/XMLSchema-instance" xsi:schemaLocation="http://www.imsglobal.org/xsd/imsqti_item_v2p0 ./imsqti_item_v2p0.xsd" identifier="question248" title="Ch 24 TECH: matching" adaptive="false" timeDependent="false">
	<responseDeclaration identifier="question248matching" cardinality="multiple" baseType="directedPair">
		<correctResponse>
   						<value>q97 a97</value>
   						<value>q98 a98</value>
   						<value>q99 a99</value>
   						<value>q100 a100</value>
   						<value>q101 a101</value>
   						<value>q102 a102</value>
   				</correctResponse>

		<mapping defaultValue="0">
   		   		   <mapEntry mapKey="q97 a97" mappedValue="1"/>
   		   		   <mapEntry mapKey="q98 a98" mappedValue="1"/>
   		   		   <mapEntry mapKey="q99 a99" mappedValue="1"/>
   		   		   <mapEntry mapKey="q100 a100" mappedValue="1"/>
   		   		   <mapEntry mapKey="q101 a101" mappedValue="1"/>
   		   		   <mapEntry mapKey="q102 a102" mappedValue="1"/>
   				</mapping>
	</responseDeclaration>
	<outcomeDeclaration identifier="SCORE" cardinality="single" baseType="float"/>

	<itemBody>
		<p>Match the technical method with the phrase that best characterizes it</p>
		<div class="interactive.match">
			<matchInteraction responseIdentifier="question248matching" shuffle="false" maxAssociations="6">
				<simpleMatchSet>
           		    				<simpleAssociableChoice identifier="q97" matchMax="1">a combination of natural and programming languages intended for understanding by both programmers and non-programmers</simpleAssociableChoice>
           		    				<simpleAssociableChoice identifier="q98" matchMax="1">eliminates ambiguity by elaborating the various conditions of the system and its processing of inputs</simpleAssociableChoice>
           		    				<simpleAssociableChoice identifier="q99" matchMax="1">a better representation of nested conditional structures when dealing with multiple inputs</simpleAssociableChoice>
           		    				<simpleAssociableChoice identifier="q100" matchMax="1">a modern-day version of a flowchart</simpleAssociableChoice>
           		    				<simpleAssociableChoice identifier="q101" matchMax="1">a visual depiction of the structure and relationships between data elements</simpleAssociableChoice>
           		    				<simpleAssociableChoice identifier="q102" matchMax="1"></simpleAssociableChoice>
           						</simpleMatchSet>
				<simpleMatchSet>
           		    				<simpleAssociableChoice identifier="a97" matchMax="6">pseudocode</simpleAssociableChoice>
           		    				<simpleAssociableChoice identifier="a98" matchMax="6">finite state machines</simpleAssociableChoice>
           		    				<simpleAssociableChoice identifier="a99" matchMax="6">decision tables/trees</simpleAssociableChoice>
           		    				<simpleAssociableChoice identifier="a100" matchMax="6">UML activity diagram</simpleAssociableChoice>
           		    				<simpleAssociableChoice identifier="a101" matchMax="6">entity-relationship diagrams</simpleAssociableChoice>
           		    				<simpleAssociableChoice identifier="a102" matchMax="6">dataflow diagrams</simpleAssociableChoice>
           						</simpleMatchSet>
			</matchInteraction>
		</div>
		</itemBody>
	<responseProcessing xmlns="http://www.imsglobal.org/xsd/imsqti_item_v2p0" xmlns:xsi="http://www.w3.org/2001/XMLSchema-instance" xsi:schemaLocation="http://www.imsglobal.org/xsd/imsqti_item_v2p0 ../imsqti_item_v2p0.xsd">
		<responseCondition>

			<responseIf>
				<isNull>
					<variable identifier="question248matching"/>
				</isNull>
				<setOutcomeValue identifier="SCORE">
					<baseValue baseType="integer">0</baseValue>
				</setOutcomeValue>
			</responseIf>

			<responseElse>
				<setOutcomeValue identifier="SCORE">
					<mapResponse identifier="question248matching"/>
				</setOutcomeValue>
			</responseElse>
		</responseCondition>
	</responseProcessing>
</assessmentItem>
